{
	"swagger": "2.0",
	"info": {
		"description": "This is API documentation for giftonn",
		"version": "1.1.0",
		"license": {
			"name": "Apache 2.0",
			"url": "https://www.apache.org/licenses/LICENSE-2.0.html"
		},
		"title": "GiftOnn API documentaion",
		"contact": {
			"email": "hr@versatilemobitech.com",
			"name": "Verstail Mobi Tech Pvt .Ltd",
			"url": "https://www.versatilemobitech.com/"
		}
	},
	"schemes": [
		"http",
		"https"
	],
	"consumes": [
		"application/json"
	],
	"produces": [
		"application/json"
	],
	"paths": {
		"/": {
			"get": {
				"tags": [
					"Initial Route"
				],
				"description": "This is initial Routes",
				"responses": {
					"200": {
						"description": "Success"
					}
				}
			}
		}
	},
	"basePath": "/v1/",
	"host": "localhost:5800",
	"securityDefinitions": {
		"bearerAuth": {
			"type": "apiKey",
			"in": "header",
			"name": "authorization",
			"description": "Please Enter bearer token in this format Bearer <token>"
		}
	},
	"security": [
		{
			"bearerAuth": []
		}
	],
	"definitions": {
		"Admin": {
			"type": "object",
			"properties": {
				"_id": {
					"type": "string",
					"example": "754845AmfdakjlkMKdf",
					"description": "Mongodb Id"
				}
			}
		}
	}
}